-- Adminer 4.2.1 MySQL dump

SET NAMES utf8;
SET time_zone = '+00:00';
SET foreign_key_checks = 0;
SET sql_mode = 'NO_AUTO_VALUE_ON_ZERO';

CREATE DATABASE `gl_asijska_restaurace_doctrine` /*!40100 DEFAULT CHARACTER SET utf8 */;
USE `gl_asijska_restaurace_doctrine`;

DROP TABLE IF EXISTS `absence`;
CREATE TABLE `absence` (
  `id` int(11) NOT NULL AUTO_INCREMENT,
  `user_id` int(11) NOT NULL,
  `from` datetime NOT NULL,
  `to` datetime NOT NULL,
  `reason` text COLLATE utf8_czech_ci NOT NULL,
  PRIMARY KEY (`id`),
  KEY `user_id` (`user_id`),
  CONSTRAINT `absence_ibfk_2` FOREIGN KEY (`user_id`) REFERENCES `user` (`id`) ON DELETE CASCADE ON UPDATE CASCADE
) ENGINE=InnoDB DEFAULT CHARSET=utf8 COLLATE=utf8_czech_ci;

INSERT INTO `absence` (`id`, `user_id`, `from`, `to`, `reason`) VALUES
(1,	23,	'2015-05-16 00:00:00',	'2015-05-18 00:00:00',	'aaa');

DROP TABLE IF EXISTS `building`;
CREATE TABLE `building` (
  `id` int(11) NOT NULL AUTO_INCREMENT,
  `key` varchar(20) NOT NULL,
  `level` tinyint(4) NOT NULL,
  `percentual_discount` tinyint(4) NOT NULL,
  PRIMARY KEY (`id`)
) ENGINE=InnoDB DEFAULT CHARSET=utf8;

INSERT INTO `building` (`id`, `key`, `level`, `percentual_discount`) VALUES
(7,	'training_camp',	13,	0),
(8,	'forum_gladiatorius',	13,	0),
(9,	'save',	13,	0),
(10,	'training_camp',	14,	0),
(11,	'forum_gladiatorius',	10,	0),
(12,	'forum_gladiatorius',	10,	0),
(13,	'forum_gladiatorius',	10,	0),
(14,	'forum_gladiatorius',	15,	0),
(15,	'training_camp',	15,	0),
(16,	'war_master',	15,	30);

DROP TABLE IF EXISTS `building_donation`;
CREATE TABLE `building_donation` (
  `id` int(11) NOT NULL AUTO_INCREMENT,
  `plan_id` int(11) NOT NULL,
  `user_id` int(11) NOT NULL,
  `amount` int(11) NOT NULL DEFAULT '0',
  PRIMARY KEY (`id`),
  UNIQUE KEY `plan_id_user_id_amount` (`plan_id`,`user_id`,`amount`),
  KEY `user_id` (`user_id`),
  CONSTRAINT `building_donation_ibfk_1` FOREIGN KEY (`plan_id`) REFERENCES `building_plan` (`id`) ON DELETE CASCADE,
  CONSTRAINT `building_donation_ibfk_2` FOREIGN KEY (`user_id`) REFERENCES `user` (`id`) ON DELETE CASCADE
) ENGINE=InnoDB DEFAULT CHARSET=utf8;

INSERT INTO `building_donation` (`id`, `plan_id`, `user_id`, `amount`) VALUES
(1,	4,	19,	10000),
(2,	4,	19,	50000),
(3,	4,	19,	200000),
(6,	6,	19,	0),
(4,	6,	19,	10000),
(7,	6,	19,	200000);

DROP TABLE IF EXISTS `building_level_donation`;
CREATE TABLE `building_level_donation` (
  `id` int(11) NOT NULL AUTO_INCREMENT,
  `plan_id` int(11) NOT NULL,
  `level_from` tinyint(4) NOT NULL,
  `level_to` tinyint(4) NOT NULL,
  `donation` smallint(6) NOT NULL,
  PRIMARY KEY (`id`),
  KEY `plan_id` (`plan_id`),
  CONSTRAINT `building_level_donation_ibfk_1` FOREIGN KEY (`plan_id`) REFERENCES `building_plan` (`id`) ON DELETE CASCADE
) ENGINE=InnoDB DEFAULT CHARSET=utf8;

INSERT INTO `building_level_donation` (`id`, `plan_id`, `level_from`, `level_to`, `donation`) VALUES
(1,	6,	10,	19,	1000),
(2,	6,	20,	29,	2000),
(3,	6,	30,	39,	3000),
(4,	6,	40,	49,	4000),
(5,	6,	50,	59,	5000);

DROP TABLE IF EXISTS `building_plan`;
CREATE TABLE `building_plan` (
  `id` int(11) NOT NULL AUTO_INCREMENT,
  `user_id` int(11) DEFAULT NULL,
  `date_from` datetime NOT NULL,
  `date_to` datetime NOT NULL,
  `building_id` int(11) NOT NULL,
  `comment` text,
  PRIMARY KEY (`id`),
  KEY `user_id` (`user_id`),
  KEY `building_id` (`building_id`),
  CONSTRAINT `building_plan_ibfk_1` FOREIGN KEY (`user_id`) REFERENCES `user` (`id`) ON DELETE SET NULL,
  CONSTRAINT `building_plan_ibfk_3` FOREIGN KEY (`building_id`) REFERENCES `building` (`id`) ON DELETE CASCADE ON UPDATE CASCADE
) ENGINE=InnoDB DEFAULT CHARSET=utf8;

INSERT INTO `building_plan` (`id`, `user_id`, `date_from`, `date_to`, `building_id`, `comment`) VALUES
(4,	19,	'2015-10-15 00:00:00',	'2015-12-15 00:00:00',	14,	'aaaaa'),
(5,	19,	'2015-05-10 00:00:00',	'2015-06-10 00:00:00',	15,	'bbb'),
(6,	19,	'2015-05-10 00:00:00',	'2016-06-10 00:00:00',	16,	'aaa¨\ntest\nbbb');

DELIMITER ;;

CREATE TRIGGER `building_plan_ai` AFTER INSERT ON `building_plan` FOR EACH ROW
BEGIN

	INSERT INTO `building_plan_saved_gold` (`user_id`, `plan_id`)
	SELECT `id`, NEW.id FROM `user`;

END;;

DELIMITER ;

DROP TABLE IF EXISTS `building_plan_saved_gold`;
CREATE TABLE `building_plan_saved_gold` (
  `id` int(11) NOT NULL AUTO_INCREMENT,
  `user_id` int(11) NOT NULL,
  `plan_id` int(11) NOT NULL,
  `sum` int(11) NOT NULL DEFAULT '0',
  PRIMARY KEY (`id`),
  KEY `user_id` (`user_id`),
  KEY `plan_id` (`plan_id`),
  CONSTRAINT `building_plan_saved_gold_ibfk_1` FOREIGN KEY (`user_id`) REFERENCES `user` (`id`) ON DELETE CASCADE,
  CONSTRAINT `building_plan_saved_gold_ibfk_2` FOREIGN KEY (`plan_id`) REFERENCES `building_plan` (`id`) ON DELETE CASCADE
) ENGINE=InnoDB DEFAULT CHARSET=utf8;

INSERT INTO `building_plan_saved_gold` (`id`, `user_id`, `plan_id`, `sum`) VALUES
(10,	10,	4,	0),
(11,	19,	4,	0),
(12,	20,	4,	0),
(13,	21,	4,	0),
(14,	22,	4,	0),
(15,	23,	4,	0),
(17,	25,	4,	0),
(18,	26,	4,	0),
(25,	10,	5,	0),
(26,	19,	5,	0),
(27,	20,	5,	0),
(28,	21,	5,	0),
(29,	22,	5,	0),
(30,	23,	5,	0),
(32,	25,	5,	0),
(33,	26,	5,	0),
(40,	10,	6,	0),
(41,	19,	6,	500000),
(42,	20,	6,	0),
(43,	21,	6,	0),
(44,	22,	6,	0),
(45,	23,	6,	0),
(47,	25,	6,	0),
(48,	26,	6,	0);

DROP TABLE IF EXISTS `item`;
CREATE TABLE `item` (
  `id` int(11) NOT NULL AUTO_INCREMENT,
  `name` varchar(30) NOT NULL,
  `min_damage` smallint(6) NOT NULL,
  `max_damage` smallint(6) NOT NULL,
  `armour` smallint(6) NOT NULL,
  `level` smallint(6) NOT NULL,
  `type` tinyint(4) NOT NULL COMMENT 'part of GL file name',
  `num` tinyint(4) NOT NULL COMMENT 'part of GL file name',
  PRIMARY KEY (`id`)
) ENGINE=InnoDB DEFAULT CHARSET=utf8;

INSERT INTO `item` (`id`, `name`, `min_damage`, `max_damage`, `armour`, `level`, `type`, `num`) VALUES
(1,	'Kyj',	1,	3,	0,	1,	1,	1),
(2,	'Krátký meč',	2,	2,	0,	1,	1,	2),
(3,	'Krátká dýka',	1,	4,	0,	1,	1,	3),
(4,	'Bojový srp',	1,	4,	0,	2,	1,	4),
(5,	'Široký meč',	2,	4,	0,	3,	1,	5),
(6,	'Tesák',	3,	3,	0,	3,	1,	6),
(7,	'Trojzubec',	2,	5,	0,	4,	1,	7),
(8,	'Dlouhý meč',	3,	4,	0,	4,	1,	8),
(9,	'Sekera',	1,	6,	0,	4,	1,	9),
(10,	'Vrhací trojzubec',	2,	6,	0,	5,	1,	10),
(11,	'Dvoubřitá sekera',	2,	7,	0,	6,	1,	11),
(12,	'Kladivo',	3,	6,	0,	6,	1,	12),
(13,	'Ostrá dýka',	2,	3,	0,	2,	1,	13),
(14,	'Smrtonoš',	2,	8,	0,	7,	1,	14),
(15,	'Spatha',	4,	7,	0,	8,	1,	15),
(16,	'Gladius',	3,	9,	0,	9,	1,	16),
(17,	'Khopesh',	4,	8,	0,	8,	1,	17),
(18,	'Kopí',	4,	10,	0,	9,	1,	18),
(19,	'Seax',	3,	5,	0,	5,	1,	19),
(20,	'Bitevní hůl',	2,	9,	0,	9,	1,	20),
(21,	'Pobitý štít',	0,	0,	30,	1,	2,	1),
(22,	'Dřevěný štít',	0,	0,	40,	2,	2,	2),
(23,	'Kulatý štít',	0,	0,	50,	3,	2,	3),
(24,	'Síť',	0,	0,	60,	4,	2,	4),
(25,	'Dračí štít',	0,	0,	70,	5,	2,	5),
(26,	'Stříbrný štít',	0,	0,	80,	6,	2,	6),
(27,	'Scutum',	0,	0,	90,	7,	2,	7),
(28,	'Lepší scutum',	0,	0,	100,	8,	2,	8),
(29,	'Velké scutum',	0,	0,	110,	9,	2,	9),
(30,	'Titánský štít',	0,	0,	120,	10,	2,	10),
(31,	'Vikingský štít',	0,	0,	55,	3,	2,	11),
(32,	'Hadry',	0,	0,	10,	1,	3,	1),
(33,	'Kožená zbroj',	0,	0,	15,	1,	3,	2),
(34,	'Prošívaná kožená zbroj',	0,	0,	20,	2,	3,	3),
(35,	'Měděný kyrys',	0,	0,	30,	3,	3,	4),
(36,	'Půlpancíř',	0,	0,	40,	4,	3,	5),
(37,	'Měděný pancíř',	0,	0,	50,	5,	3,	6),
(38,	'Kroužková zbroj',	0,	0,	60,	6,	3,	7),
(39,	'Železný pancíř',	0,	0,	70,	7,	3,	8),
(40,	'Plná plátová zbroj',	0,	0,	80,	8,	3,	9),
(41,	'Železný kyrys',	0,	0,	90,	9,	3,	10),
(42,	'Tvrzené kožené brnění',	0,	0,	100,	10,	3,	11),
(43,	'Kožená čapka',	0,	0,	5,	1,	4,	1),
(44,	'Železná čapka',	0,	0,	7,	1,	4,	2),
(45,	'Murmillo',	0,	0,	10,	2,	4,	3),
(46,	'Thrákská helmice',	0,	0,	13,	2,	4,	4),
(47,	'Gladiátorská helma',	0,	0,	15,	3,	4,	5),
(48,	'Helma lebka',	0,	0,	20,	4,	4,	6),
(49,	'Vikingská přilbice',	0,	0,	30,	6,	4,	7),
(50,	'Centurionská přilbice',	0,	0,	35,	7,	4,	8),
(51,	'Centurionská velká helmice',	0,	0,	45,	9,	4,	9),
(52,	'Mosazná centurionská přilba',	0,	0,	50,	10,	4,	10),
(53,	'Měděná přilbice',	0,	0,	25,	5,	4,	11),
(54,	'Trnová helma',	0,	0,	40,	8,	4,	12),
(55,	'Helma s brýlemi',	0,	0,	35,	7,	4,	13),
(56,	'Kožené rukavice',	0,	0,	3,	1,	5,	1),
(57,	'Měděné náloketníky',	0,	0,	6,	2,	5,	2),
(58,	'Měděné rukavice',	0,	0,	9,	3,	5,	3),
(59,	'Kožené bojové rukavice',	0,	0,	12,	4,	5,	4),
(60,	'Kožené náloketníky',	0,	0,	15,	5,	5,	5),
(61,	'Železné rukavice',	0,	0,	18,	6,	5,	6),
(62,	'Okované rukavice',	0,	0,	21,	7,	5,	7),
(63,	'Plátové náloketníky',	0,	0,	24,	8,	5,	8),
(64,	'Plátové chrániče',	0,	0,	27,	9,	5,	9),
(65,	'Plátové náloketníky',	0,	0,	24,	8,	5,	10),
(66,	'Modrý prsten',	0,	0,	0,	1,	6,	1),
(67,	'Malachitový prsten',	0,	0,	0,	1,	6,	2),
(68,	'Zlatý prsten',	0,	0,	0,	1,	6,	3),
(69,	'Stříbrný prsten',	0,	0,	0,	1,	6,	4),
(70,	'Dračí prsten',	0,	0,	0,	1,	6,	5),
(71,	'Rubínový prsten',	0,	0,	0,	1,	6,	6),
(72,	'Skarabeus',	0,	0,	0,	1,	6,	7),
(73,	'Triskelion',	0,	0,	0,	1,	6,	8),
(74,	'Sandály',	0,	0,	6,	1,	8,	1),
(75,	'Kožené sandály',	0,	0,	12,	2,	8,	2),
(76,	'Kožené boty',	0,	0,	18,	3,	8,	3),
(77,	'Kožené válečnické boty',	0,	0,	24,	4,	8,	4),
(78,	'Měděné chrániče',	0,	0,	30,	5,	8,	5),
(79,	'Lovecké boty',	0,	0,	36,	6,	8,	6),
(80,	'Tvrzené kožené chrániče',	0,	0,	42,	7,	8,	7),
(81,	'Stříbrné válečnické boty',	0,	0,	48,	8,	8,	8),
(82,	'Okované boty',	0,	0,	54,	9,	8,	9),
(83,	'Pancéřované boty',	0,	0,	60,	10,	8,	10),
(84,	'Zlatý přívěsek',	0,	0,	0,	1,	9,	1),
(85,	'Stříbrný přívěsek',	0,	0,	0,	1,	9,	2),
(86,	'Karneolový medailon',	0,	0,	0,	1,	9,	3),
(87,	'Stříbrný relikt',	0,	0,	0,	1,	9,	4),
(88,	'Tepaný medailon',	0,	0,	0,	1,	9,	5),
(89,	'Malachitový medailon',	0,	0,	0,	1,	9,	6),
(90,	'Hvězdný talisman',	0,	0,	0,	1,	9,	7),
(91,	'Rubínový medailon',	0,	0,	0,	1,	9,	8),
(92,	'Oko boha Ra',	0,	0,	0,	1,	9,	9),
(93,	'Brož',	0,	0,	0,	1,	9,	10),
(94,	'Brnění krokodýla',	0,	0,	40,	4,	3,	12),
(95,	'Egyptský štít',	0,	0,	75,	5,	2,	12);

DROP TABLE IF EXISTS `item_offer`;
CREATE TABLE `item_offer` (
  `id` int(11) NOT NULL AUTO_INCREMENT,
  `user_id` int(11) NOT NULL,
  `item_id` int(11) NOT NULL,
  `prefix_id` int(11) DEFAULT NULL,
  `suffix_id` int(11) DEFAULT NULL,
  `item_quality` tinyint(4) NOT NULL,
  `item_min_damage` smallint(6) DEFAULT NULL COMMENT 'when not basic level',
  `item_max_damage` smallint(6) DEFAULT NULL COMMENT 'when not basic level',
  `item_armour` smallint(6) DEFAULT NULL COMMENT 'when not basic level',
  `item_improvement_type` tinyint(4) DEFAULT NULL,
  `item_improvement_value` smallint(6) DEFAULT NULL,
  `price` int(11) NOT NULL,
  `date_added` datetime NOT NULL,
  PRIMARY KEY (`id`),
  KEY `user_id` (`user_id`),
  KEY `prefix_id` (`prefix_id`),
  KEY `item_id` (`item_id`),
  KEY `suffix_id` (`suffix_id`),
  CONSTRAINT `item_offer_ibfk_5` FOREIGN KEY (`user_id`) REFERENCES `user` (`id`) ON DELETE CASCADE ON UPDATE CASCADE,
  CONSTRAINT `item_offer_ibfk_6` FOREIGN KEY (`prefix_id`) REFERENCES `prefix_suffix` (`id`) ON DELETE CASCADE ON UPDATE CASCADE,
  CONSTRAINT `item_offer_ibfk_7` FOREIGN KEY (`item_id`) REFERENCES `item` (`id`) ON DELETE CASCADE ON UPDATE CASCADE,
  CONSTRAINT `item_offer_ibfk_8` FOREIGN KEY (`suffix_id`) REFERENCES `prefix_suffix` (`id`) ON DELETE CASCADE ON UPDATE CASCADE
) ENGINE=InnoDB DEFAULT CHARSET=utf8;


DROP TABLE IF EXISTS `prefix_suffix`;
CREATE TABLE `prefix_suffix` (
  `id` int(11) NOT NULL AUTO_INCREMENT,
  `name` varchar(255) NOT NULL,
  `type` tinyint(4) NOT NULL,
  `damage` smallint(4) NOT NULL,
  `armour` smallint(6) NOT NULL,
  `strength` tinyint(4) NOT NULL,
  `skill` tinyint(4) NOT NULL,
  `agility` tinyint(4) NOT NULL,
  `constitution` tinyint(4) NOT NULL,
  `charisma` tinyint(4) NOT NULL,
  `intelligence` tinyint(4) NOT NULL,
  `strength_percentually` tinyint(4) NOT NULL,
  `skill_percentually` tinyint(4) NOT NULL,
  `agility_percentually` tinyint(4) NOT NULL,
  `constitution_percentually` tinyint(4) NOT NULL,
  `charisma_percentually` tinyint(4) NOT NULL,
  `intelligence_percentually` tinyint(4) NOT NULL,
  `critical_strike` tinyint(4) NOT NULL,
  `blocking` smallint(4) NOT NULL,
  `resilience` tinyint(4) NOT NULL,
  `threat` smallint(4) NOT NULL,
  `healing` smallint(4) NOT NULL,
  `critical_healing` tinyint(4) NOT NULL,
  `health` smallint(6) NOT NULL,
  `level` tinyint(4) NOT NULL,
  PRIMARY KEY (`id`)
) ENGINE=InnoDB DEFAULT CHARSET=utf8;

INSERT INTO `prefix_suffix` (`id`, `name`, `type`, `damage`, `armour`, `strength`, `skill`, `agility`, `constitution`, `charisma`, `intelligence`, `strength_percentually`, `skill_percentually`, `agility_percentually`, `constitution_percentually`, `charisma_percentually`, `intelligence_percentually`, `critical_strike`, `blocking`, `resilience`, `threat`, `healing`, `critical_healing`, `health`, `level`) VALUES
(1,	'Rayolovo',	1,	7,	120,	6,	2,	0,	0,	0,	0,	0,	5,	0,	0,	0,	0,	0,	0,	0,	0,	0,	0,	0,	27),
(2,	'Ibiwanovo',	1,	6,	75,	0,	0,	0,	10,	0,	0,	0,	0,	0,	4,	0,	0,	0,	0,	0,	0,	0,	0,	0,	29),
(3,	'záře',	2,	0,	0,	0,	0,	0,	0,	10,	0,	0,	0,	0,	0,	10,	0,	0,	0,	0,	0,	0,	0,	0,	10),
(4,	'Amovielovo',	1,	0,	0,	2,	0,	0,	0,	0,	0,	0,	0,	0,	0,	0,	0,	0,	0,	0,	0,	0,	0,	0,	16),
(5,	'rychlosti',	2,	0,	0,	0,	0,	10,	0,	0,	0,	0,	0,	10,	0,	0,	0,	0,	0,	0,	0,	0,	0,	0,	12),
(6,	'ctnosti',	2,	0,	0,	0,	5,	0,	0,	0,	0,	0,	0,	0,	0,	10,	0,	0,	0,	0,	0,	0,	0,	0,	10),
(7,	'vyhlazení',	2,	0,	0,	0,	0,	0,	0,	0,	0,	0,	0,	7,	0,	0,	0,	3,	0,	0,	0,	0,	0,	0,	11),
(8,	'harmonie',	2,	0,	0,	0,	0,	0,	0,	0,	0,	0,	0,	0,	20,	20,	0,	0,	0,	0,	0,	0,	0,	0,	20),
(9,	'pohotovosti',	2,	0,	0,	0,	0,	0,	0,	0,	0,	0,	0,	5,	0,	0,	0,	0,	0,	0,	0,	0,	0,	20,	10),
(10,	'vůle',	2,	0,	57,	0,	0,	0,	0,	0,	0,	0,	0,	0,	0,	0,	0,	0,	4,	0,	8,	0,	0,	0,	12),
(11,	'stětí',	2,	0,	0,	0,	1,	0,	0,	0,	0,	0,	0,	0,	0,	10,	0,	4,	0,	0,	0,	0,	0,	0,	13),
(12,	'deště',	2,	0,	0,	0,	0,	2,	0,	0,	0,	0,	0,	0,	0,	0,	0,	0,	0,	0,	0,	0,	0,	8,	13),
(13,	'pohoří',	2,	0,	0,	2,	0,	0,	2,	0,	0,	0,	0,	0,	0,	0,	0,	0,	0,	0,	0,	0,	0,	0,	14),
(14,	'tavení',	2,	0,	0,	1,	-2,	1,	0,	0,	0,	0,	0,	0,	0,	8,	0,	0,	0,	0,	0,	0,	0,	0,	15),
(15,	'bojových umění',	2,	0,	0,	1,	0,	0,	0,	2,	0,	0,	0,	0,	0,	10,	0,	7,	0,	0,	0,	0,	0,	0,	16),
(16,	'ničení',	2,	0,	0,	0,	0,	0,	0,	2,	0,	0,	0,	0,	0,	11,	-15,	5,	0,	0,	0,	0,	0,	0,	17),
(17,	'požehnání',	2,	-1,	0,	0,	0,	0,	0,	0,	1,	0,	0,	0,	0,	0,	0,	0,	0,	0,	0,	28,	5,	0,	17),
(18,	'vyčerpání',	2,	0,	0,	0,	0,	0,	0,	-2,	0,	17,	0,	0,	0,	0,	0,	0,	0,	0,	0,	0,	0,	0,	18),
(19,	'Chakry',	2,	0,	0,	0,	0,	0,	0,	0,	0,	14,	0,	0,	0,	13,	0,	0,	0,	0,	0,	0,	0,	0,	19),
(20,	'Elvilmandelovo',	1,	1,	0,	2,	0,	0,	0,	0,	0,	0,	0,	0,	0,	0,	0,	0,	0,	0,	0,	0,	0,	100,	20),
(21,	'sebeovládání',	2,	0,	132,	0,	0,	0,	0,	0,	0,	0,	0,	0,	0,	0,	0,	0,	0,	8,	0,	0,	0,	0,	23),
(22,	'hledání',	2,	0,	0,	0,	0,	0,	0,	0,	0,	0,	0,	0,	0,	0,	17,	0,	0,	0,	0,	56,	0,	0,	26),
(23,	'strachu',	2,	0,	0,	0,	0,	0,	2,	0,	0,	0,	0,	-2,	0,	0,	0,	0,	0,	0,	0,	0,	0,	0,	10),
(24,	'oblaků',	2,	0,	0,	0,	2,	0,	0,	0,	0,	0,	0,	0,	0,	0,	0,	0,	0,	0,	0,	0,	0,	5,	11),
(25,	'protiútoku',	2,	0,	0,	0,	0,	0,	0,	0,	0,	9,	0,	0,	0,	0,	0,	0,	0,	0,	0,	0,	0,	0,	12),
(26,	'pahorků',	2,	0,	0,	0,	0,	0,	4,	2,	0,	0,	0,	0,	0,	0,	0,	0,	0,	0,	0,	0,	0,	0,	12),
(27,	'hvězd',	2,	1,	0,	0,	0,	0,	0,	0,	0,	0,	0,	0,	0,	2,	0,	0,	0,	0,	0,	0,	0,	0,	10),
(28,	'obyčejnosti',	2,	0,	0,	0,	0,	0,	0,	0,	0,	0,	0,	0,	0,	0,	0,	0,	0,	0,	0,	0,	0,	15,	12),
(29,	'krve',	2,	0,	0,	0,	0,	2,	0,	0,	0,	0,	0,	0,	0,	0,	0,	0,	0,	0,	0,	0,	0,	10,	13),
(30,	'trumfu',	2,	0,	66,	0,	0,	0,	0,	0,	0,	0,	0,	0,	0,	0,	0,	0,	0,	0,	0,	0,	0,	0,	13),
(31,	'svátosti',	2,	0,	0,	0,	0,	0,	0,	0,	0,	0,	0,	0,	0,	0,	11,	0,	0,	0,	0,	0,	4,	0,	13),
(32,	'vědomosti',	2,	1,	40,	0,	0,	0,	4,	2,	0,	0,	0,	0,	0,	0,	0,	0,	0,	0,	0,	0,	0,	0,	15),
(33,	'požehnání_2',	2,	0,	0,	0,	0,	0,	0,	0,	2,	0,	0,	0,	0,	0,	0,	0,	0,	0,	0,	24,	6,	0,	14),
(34,	'zadostiučinění',	2,	2,	0,	0,	0,	0,	0,	0,	0,	0,	0,	0,	0,	0,	0,	0,	0,	0,	0,	0,	0,	20,	15),
(35,	'měsíce',	2,	0,	0,	4,	0,	0,	0,	0,	0,	0,	0,	2,	0,	0,	0,	0,	0,	0,	0,	0,	0,	10,	18),
(36,	'bezvěrství',	2,	0,	0,	0,	0,	0,	0,	0,	1,	0,	0,	0,	0,	0,	13,	0,	0,	0,	0,	44,	6,	0,	19),
(37,	'učňů',	2,	3,	0,	2,	2,	0,	0,	0,	0,	0,	0,	0,	0,	0,	0,	0,	0,	0,	0,	0,	0,	0,	20),
(38,	'jedu',	2,	3,	0,	2,	2,	0,	0,	0,	0,	0,	0,	0,	0,	0,	0,	0,	0,	0,	0,	0,	0,	30,	20),
(39,	'rozkoše',	2,	0,	0,	0,	0,	0,	0,	0,	0,	-4,	20,	20,	20,	0,	0,	0,	0,	0,	0,	0,	0,	0,	21),
(40,	'Sugovo',	1,	3,	0,	0,	6,	0,	0,	0,	0,	0,	0,	0,	4,	0,	0,	0,	0,	0,	0,	0,	0,	120,	22),
(41,	'úlomků',	2,	0,	0,	2,	0,	0,	0,	3,	0,	0,	0,	0,	-14,	17,	0,	11,	0,	0,	0,	0,	0,	0,	24),
(42,	'Elywenovo',	1,	0,	0,	0,	0,	0,	0,	0,	0,	0,	5,	5,	5,	0,	0,	0,	0,	0,	0,	0,	0,	180,	26),
(43,	'Elrarangovo',	1,	0,	0,	0,	0,	0,	0,	0,	0,	0,	24,	0,	0,	0,	0,	0,	0,	0,	0,	0,	0,	0,	31),
(44,	'prevence',	2,	0,	0,	0,	0,	0,	0,	0,	0,	27,	0,	0,	0,	0,	0,	0,	12,	0,	30,	0,	0,	0,	31),
(45,	'Calódienovo',	1,	0,	100,	0,	2,	3,	0,	0,	0,	0,	0,	0,	0,	0,	0,	0,	0,	0,	0,	0,	0,	0,	17),
(46,	'prohry',	2,	0,	0,	0,	0,	0,	0,	0,	0,	6,	0,	0,	0,	0,	0,	0,	0,	0,	0,	0,	0,	0,	10),
(47,	'litargie',	2,	0,	0,	0,	0,	0,	0,	0,	0,	0,	0,	0,	0,	0,	0,	0,	0,	0,	0,	16,	0,	0,	10),
(48,	'zvědavosti',	2,	0,	0,	0,	0,	0,	0,	0,	0,	0,	0,	0,	0,	0,	0,	0,	0,	0,	0,	20,	3,	0,	11),
(49,	'vášně',	2,	1,	50,	0,	5,	0,	0,	0,	0,	0,	0,	0,	0,	0,	0,	0,	0,	0,	0,	0,	0,	0,	25),
(50,	'slunce',	2,	0,	0,	0,	0,	0,	0,	0,	0,	0,	0,	0,	0,	20,	0,	0,	0,	0,	0,	0,	0,	100,	22),
(51,	'Tinothielovo',	1,	0,	60,	0,	0,	0,	4,	0,	0,	0,	0,	0,	0,	0,	0,	0,	0,	0,	0,	0,	0,	0,	16),
(52,	'výtržností',	2,	2,	100,	0,	0,	0,	5,	2,	0,	0,	0,	0,	0,	0,	0,	0,	0,	0,	0,	0,	0,	100,	25),
(53,	'náporu',	2,	1,	40,	5,	0,	0,	0,	0,	0,	0,	0,	0,	0,	0,	0,	0,	0,	0,	0,	0,	0,	0,	22),
(54,	'života',	2,	0,	0,	0,	0,	0,	0,	0,	0,	0,	0,	0,	10,	0,	0,	0,	0,	0,	0,	0,	0,	0,	25),
(55,	'oslabení',	2,	0,	0,	0,	0,	0,	0,	0,	0,	0,	0,	0,	0,	0,	15,	0,	0,	0,	0,	0,	0,	0,	16),
(56,	'vraždy',	2,	4,	0,	0,	4,	0,	0,	0,	0,	0,	2,	4,	0,	0,	0,	0,	0,	0,	0,	0,	0,	0,	20),
(57,	'zakletí',	2,	0,	100,	0,	0,	0,	0,	0,	0,	0,	0,	0,	2,	-1,	0,	0,	0,	0,	0,	0,	0,	0,	23),
(58,	'hoplíta',	2,	0,	164,	2,	0,	0,	0,	0,	0,	0,	0,	0,	0,	0,	0,	0,	0,	0,	0,	0,	0,	0,	29),
(59,	'Uróthienovo',	1,	6,	0,	6,	2,	0,	0,	0,	0,	0,	4,	0,	0,	0,	0,	0,	0,	0,	0,	0,	0,	24,	25),
(60,	'kouzel',	2,	0,	0,	0,	10,	0,	0,	0,	0,	0,	0,	0,	0,	10,	0,	0,	0,	0,	0,	0,	0,	0,	15),
(61,	'zotavení',	2,	0,	0,	0,	0,	0,	0,	0,	0,	0,	0,	0,	0,	0,	24,	0,	0,	0,	0,	72,	0,	0,	34),
(62,	'benevolentnosti',	2,	0,	0,	0,	0,	0,	0,	-4,	5,	0,	0,	0,	0,	0,	0,	0,	0,	0,	0,	72,	0,	0,	37),
(63,	'Uridovo',	1,	7,	0,	15,	0,	18,	0,	0,	0,	0,	-13,	0,	28,	0,	0,	0,	0,	0,	0,	0,	0,	300,	42),
(64,	'Baciasovo',	1,	7,	175,	0,	0,	0,	6,	2,	0,	0,	0,	0,	0,	0,	0,	0,	0,	0,	0,	0,	0,	60,	30),
(65,	'Rynightovo',	1,	0,	60,	0,	0,	0,	12,	8,	0,	0,	0,	0,	0,	4,	0,	0,	0,	0,	0,	0,	0,	0,	28),
(66,	'ústupu',	2,	0,	200,	0,	0,	2,	0,	0,	0,	0,	0,	0,	0,	0,	0,	0,	0,	0,	0,	0,	0,	0,	20),
(67,	'Rakrestovo',	1,	0,	190,	10,	0,	0,	0,	0,	0,	0,	5,	5,	0,	0,	0,	0,	0,	0,	0,	0,	0,	0,	34),
(68,	'namyšlenosti',	2,	-2,	0,	0,	0,	0,	0,	0,	0,	-1,	0,	0,	0,	15,	0,	0,	0,	0,	0,	0,	0,	0,	18),
(69,	'brutality',	2,	3,	0,	6,	0,	0,	0,	0,	0,	0,	0,	0,	0,	0,	0,	0,	0,	0,	0,	0,	0,	0,	19),
(70,	'konfliktu',	2,	2,	0,	0,	10,	0,	0,	0,	0,	0,	0,	2,	0,	0,	0,	0,	0,	0,	0,	0,	0,	0,	15),
(71,	'moře',	2,	0,	0,	0,	4,	2,	0,	0,	0,	0,	0,	0,	0,	0,	0,	0,	0,	0,	0,	0,	0,	10,	12),
(72,	'průměrnosti',	2,	0,	0,	0,	0,	0,	0,	0,	0,	0,	0,	0,	0,	0,	11,	0,	0,	0,	0,	32,	0,	0,	16),
(73,	'ceremonie',	2,	0,	0,	0,	0,	0,	0,	0,	2,	0,	0,	0,	0,	0,	11,	0,	0,	0,	0,	36,	0,	0,	18),
(74,	'obrácení',	2,	0,	80,	0,	0,	0,	0,	0,	0,	0,	0,	0,	0,	0,	0,	0,	0,	4,	0,	0,	0,	0,	16),
(75,	'truchlení',	2,	0,	0,	0,	0,	0,	-4,	0,	0,	0,	0,	0,	5,	5,	0,	0,	0,	0,	0,	0,	0,	100,	15),
(76,	'pýchy',	2,	0,	0,	0,	0,	0,	0,	0,	0,	-5,	0,	0,	5,	5,	0,	0,	0,	0,	0,	0,	0,	0,	15),
(77,	'píle',	2,	0,	0,	0,	0,	0,	0,	0,	0,	0,	0,	0,	0,	20,	0,	0,	0,	0,	0,	0,	0,	20,	20),
(78,	'Ameliovo',	1,	2,	0,	15,	0,	0,	0,	0,	0,	0,	0,	0,	0,	0,	0,	0,	0,	0,	0,	0,	0,	100,	30),
(79,	'výstrahy',	2,	1,	25,	0,	4,	0,	0,	0,	0,	0,	0,	0,	0,	0,	0,	0,	0,	0,	0,	0,	0,	0,	16),
(80,	'Chealothovo',	1,	0,	0,	0,	0,	0,	8,	0,	0,	0,	0,	0,	14,	6,	0,	0,	0,	0,	0,	0,	0,	300,	24),
(81,	'výdrže',	2,	0,	30,	0,	0,	0,	0,	0,	0,	0,	0,	0,	15,	0,	0,	0,	0,	0,	0,	0,	0,	0,	20),
(82,	'světla',	2,	0,	0,	0,	0,	0,	0,	0,	0,	0,	0,	0,	0,	20,	0,	0,	0,	0,	0,	0,	0,	0,	22),
(83,	'návratu',	2,	0,	0,	0,	0,	0,	5,	0,	0,	0,	0,	0,	0,	0,	0,	0,	0,	0,	0,	0,	0,	200,	20),
(84,	'ticha',	2,	0,	0,	0,	0,	0,	0,	0,	0,	0,	20,	0,	0,	0,	0,	0,	0,	0,	0,	0,	0,	0,	20),
(85,	'utrpení',	2,	0,	0,	0,	0,	0,	0,	0,	0,	0,	0,	21,	0,	17,	0,	0,	0,	0,	0,	0,	0,	0,	26),
(86,	'selhání',	2,	-5,	0,	0,	0,	0,	0,	10,	0,	0,	0,	0,	0,	0,	0,	0,	0,	0,	0,	0,	0,	0,	15),
(87,	'Gadriewenovo',	1,	0,	140,	0,	0,	0,	0,	0,	0,	0,	0,	25,	0,	10,	0,	0,	0,	0,	0,	0,	0,	0,	28),
(88,	'Talethovo',	1,	7,	400,	0,	0,	0,	0,	0,	0,	20,	20,	0,	0,	0,	0,	0,	0,	0,	0,	0,	0,	0,	45),
(89,	'úspěchu',	2,	2,	0,	2,	0,	0,	0,	0,	0,	0,	0,	0,	0,	0,	0,	0,	0,	0,	0,	0,	0,	0,	16),
(90,	'slávy',	2,	1,	0,	0,	0,	0,	0,	0,	0,	2,	0,	0,	0,	0,	0,	0,	0,	0,	0,	0,	0,	0,	10),
(91,	'potupy',	2,	1,	0,	0,	0,	0,	0,	-2,	0,	0,	2,	0,	0,	0,	0,	0,	0,	0,	0,	0,	0,	20,	15),
(92,	'Fraboovo',	1,	2,	0,	0,	0,	6,	0,	0,	0,	0,	0,	0,	0,	12,	0,	0,	0,	0,	0,	0,	0,	0,	23),
(93,	'lesů',	2,	1,	0,	0,	3,	2,	0,	0,	0,	0,	0,	0,	0,	0,	0,	0,	0,	0,	0,	0,	0,	0,	14),
(94,	'nostalgie',	2,	0,	0,	0,	0,	0,	0,	0,	0,	16,	0,	13,	0,	0,	0,	0,	0,	0,	0,	0,	0,	0,	19),
(95,	'rovnováhy',	2,	0,	0,	2,	2,	2,	2,	2,	0,	0,	0,	0,	0,	0,	0,	0,	0,	0,	0,	0,	0,	0,	15),
(96,	'teroru',	2,	0,	100,	10,	0,	0,	5,	0,	0,	0,	0,	0,	0,	0,	0,	0,	0,	0,	0,	0,	0,	0,	21),
(97,	'úniku',	2,	0,	0,	0,	0,	0,	0,	0,	0,	0,	0,	0,	0,	0,	0,	0,	8,	0,	18,	0,	0,	46,	21),
(98,	'Chaliniovo',	1,	0,	100,	2,	0,	0,	0,	12,	0,	0,	0,	0,	0,	0,	0,	0,	0,	0,	0,	0,	0,	0,	31),
(99,	'odvahy',	2,	0,	0,	0,	0,	0,	0,	5,	0,	0,	0,	0,	0,	20,	0,	0,	0,	0,	0,	0,	0,	50,	20),
(100,	'cti',	2,	0,	0,	0,	0,	0,	0,	5,	0,	0,	0,	0,	1,	15,	0,	0,	0,	0,	0,	0,	0,	0,	15),
(101,	'Lothayovo',	1,	4,	0,	0,	0,	0,	0,	0,	0,	0,	0,	0,	0,	0,	0,	0,	0,	0,	0,	0,	0,	120,	26),
(102,	'bolesti',	2,	1,	0,	5,	0,	0,	0,	0,	0,	0,	0,	20,	0,	0,	0,	0,	0,	0,	0,	0,	0,	0,	16),
(103,	'moci',	2,	0,	10,	10,	0,	0,	0,	0,	0,	5,	0,	0,	0,	0,	0,	0,	0,	0,	0,	0,	0,	0,	20),
(104,	'Narithovo',	1,	1,	0,	0,	0,	0,	0,	0,	0,	0,	2,	0,	2,	0,	0,	0,	0,	0,	0,	0,	0,	0,	21),
(105,	'šílenství',	2,	0,	0,	0,	2,	3,	0,	0,	0,	0,	0,	0,	0,	0,	0,	0,	0,	0,	0,	0,	0,	2,	15),
(106,	'rozptýlení',	2,	0,	0,	0,	3,	0,	0,	0,	0,	0,	10,	10,	0,	0,	0,	0,	0,	0,	0,	0,	0,	0,	18),
(107,	'uhranutí',	2,	0,	0,	0,	0,	0,	0,	0,	0,	0,	0,	0,	5,	2,	0,	0,	0,	0,	0,	0,	0,	0,	14),
(108,	'pomsty',	2,	0,	0,	10,	0,	0,	0,	0,	0,	0,	0,	0,	0,	0,	0,	0,	0,	0,	0,	0,	0,	0,	20),
(109,	'Reinkovo',	1,	0,	0,	0,	0,	0,	0,	0,	1,	0,	0,	-8,	-6,	0,	0,	0,	0,	0,	0,	20,	3,	0,	18),
(110,	'duševna',	2,	0,	0,	0,	0,	0,	0,	0,	0,	0,	0,	0,	-13,	0,	0,	0,	0,	0,	0,	32,	6,	0,	15),
(111,	'čistoty',	2,	0,	0,	0,	0,	0,	0,	0,	2,	0,	0,	0,	0,	-21,	16,	0,	0,	0,	0,	40,	0,	0,	25),
(112,	'nepořádku',	2,	0,	0,	0,	0,	0,	0,	0,	3,	0,	0,	-16,	0,	0,	13,	0,	0,	0,	0,	0,	9,	0,	22),
(113,	'Frickoyovo',	1,	0,	0,	0,	0,	0,	0,	0,	1,	0,	0,	0,	0,	-9,	10,	0,	0,	0,	0,	0,	4,	0,	26),
(114,	'zmatení',	2,	-1,	100,	0,	-2,	0,	0,	0,	0,	0,	0,	0,	-1,	0,	0,	0,	0,	0,	0,	0,	0,	0,	15),
(115,	'Ichoruovo',	1,	15,	0,	0,	0,	0,	-20,	0,	0,	40,	12,	20,	-15,	0,	0,	0,	0,	0,	0,	0,	0,	0,	80),
(116,	'Peragovo',	1,	0,	350,	0,	0,	0,	8,	2,	0,	0,	0,	0,	0,	0,	0,	0,	0,	0,	0,	0,	0,	180,	32),
(117,	'Poirinovo',	1,	0,	280,	0,	0,	5,	0,	0,	0,	4,	0,	0,	0,	0,	0,	0,	0,	0,	0,	0,	0,	60,	23),
(118,	'Zeindrovo',	1,	3,	160,	0,	2,	0,	0,	0,	0,	0,	6,	8,	0,	24,	0,	0,	0,	0,	0,	0,	0,	0,	32),
(119,	'nezávislosti',	2,	0,	100,	0,	2,	2,	3,	0,	0,	0,	0,	0,	0,	0,	0,	0,	0,	0,	0,	0,	0,	40,	20),
(120,	'starobylosti',	2,	0,	0,	0,	0,	4,	0,	3,	0,	27,	0,	0,	0,	0,	0,	0,	0,	0,	0,	0,	0,	0,	30),
(121,	'Taniovo',	1,	0,	250,	0,	0,	2,	0,	0,	0,	0,	1,	0,	0,	0,	0,	0,	0,	0,	0,	0,	0,	0,	25),
(122,	'bitev',	2,	0,	0,	4,	0,	0,	0,	0,	0,	5,	0,	0,	0,	0,	0,	0,	0,	0,	0,	0,	0,	0,	20),
(123,	'oběti',	2,	-1,	0,	0,	0,	0,	0,	5,	0,	0,	0,	0,	5,	0,	0,	0,	0,	0,	0,	0,	0,	0,	22),
(124,	'Hadí',	1,	0,	100,	0,	8,	4,	0,	0,	0,	0,	0,	0,	0,	0,	0,	0,	0,	0,	0,	0,	0,	0,	30),
(125,	'Doitremovo',	1,	0,	50,	0,	8,	0,	0,	0,	0,	0,	0,	6,	0,	0,	0,	0,	0,	0,	0,	0,	0,	25,	25),
(126,	'přízně',	2,	0,	100,	0,	0,	0,	5,	0,	0,	0,	0,	0,	0,	2,	0,	0,	0,	0,	0,	0,	0,	20,	20),
(127,	'ochrany',	2,	0,	150,	0,	0,	0,	0,	0,	0,	0,	0,	0,	2,	0,	0,	0,	0,	0,	0,	0,	0,	0,	25),
(128,	'nenávisti',	2,	2,	0,	2,	0,	0,	0,	0,	0,	0,	0,	0,	0,	0,	0,	0,	0,	0,	0,	0,	0,	0,	25),
(129,	'Asendakovo',	1,	0,	220,	0,	2,	0,	0,	0,	0,	0,	0,	0,	0,	0,	0,	0,	0,	0,	0,	0,	0,	90,	29),
(130,	'Kosmonovo',	1,	0,	0,	0,	0,	0,	0,	0,	0,	0,	0,	0,	0,	-6,	0,	0,	0,	0,	0,	0,	0,	26,	17),
(131,	'milosrdenství',	2,	0,	0,	2,	0,	0,	0,	0,	0,	18,	0,	0,	0,	0,	-28,	0,	0,	0,	0,	0,	0,	0,	30),
(132,	'blesku duchů',	2,	0,	0,	0,	0,	0,	0,	0,	0,	0,	0,	0,	0,	0,	15,	0,	0,	0,	0,	48,	0,	0,	23),
(133,	'svátosti_2',	2,	-2,	0,	0,	0,	0,	0,	0,	2,	0,	0,	0,	0,	0,	0,	0,	0,	0,	0,	44,	6,	0,	21),
(134,	'virtuóznosti',	2,	0,	0,	0,	0,	0,	0,	0,	0,	0,	0,	0,	0,	0,	18,	0,	0,	0,	0,	44,	0,	0,	24),
(135,	'Orionu',	2,	0,	0,	0,	0,	0,	0,	0,	0,	0,	0,	0,	0,	0,	0,	0,	0,	0,	0,	0,	0,	96,	32),
(136,	'Watzmannovo',	1,	0,	0,	1,	0,	0,	0,	0,	0,	0,	0,	-9,	0,	0,	0,	0,	5,	0,	12,	0,	0,	30,	24),
(137,	'Zickezackovo',	1,	0,	0,	0,	0,	0,	0,	0,	0,	0,	0,	-10,	0,	0,	0,	0,	3,	0,	8,	0,	0,	21,	21),
(138,	'duševní nadvlády',	2,	0,	0,	0,	0,	0,	0,	0,	3,	0,	0,	0,	0,	0,	23,	0,	0,	0,	0,	56,	0,	0,	25),
(139,	'přehlídky',	2,	0,	0,	2,	0,	0,	0,	0,	0,	0,	0,	0,	0,	0,	0,	0,	7,	0,	24,	0,	0,	55,	22),
(140,	'Frientovo',	1,	0,	99,	0,	0,	0,	0,	0,	0,	15,	0,	0,	0,	0,	0,	0,	5,	7,	18,	0,	0,	0,	32),
(141,	'Solitanovo',	1,	0,	0,	0,	0,	0,	-1,	-1,	1,	0,	0,	0,	0,	0,	8,	0,	0,	0,	0,	20,	3,	0,	23),
(142,	'Tunesovo',	1,	0,	0,	0,	0,	0,	0,	0,	0,	0,	0,	0,	0,	-14,	12,	0,	0,	0,	0,	40,	4,	0,	34),
(143,	'Ismaelsovo',	1,	-1,	0,	0,	-1,	0,	0,	0,	1,	0,	0,	0,	0,	-11,	13,	0,	0,	0,	0,	28,	6,	0,	30),
(144,	'Xusovo',	1,	0,	0,	0,	0,	-1,	0,	0,	0,	0,	0,	0,	0,	0,	0,	0,	5,	0,	14,	0,	0,	32,	28),
(145,	'zranění',	2,	0,	0,	0,	0,	0,	0,	0,	0,	0,	0,	0,	0,	0,	0,	0,	0,	0,	0,	24,	4,	0,	12),
(146,	'neviditelnosti',	2,	0,	0,	0,	0,	0,	0,	0,	0,	0,	0,	0,	0,	0,	0,	0,	0,	4,	0,	0,	0,	27,	13),
(147,	'hojnosti',	2,	0,	0,	0,	0,	0,	0,	0,	0,	3,	0,	0,	0,	5,	0,	0,	0,	0,	0,	0,	0,	0,	15),
(148,	'zábrany',	2,	0,	20,	0,	-2,	-2,	0,	0,	0,	0,	0,	0,	0,	0,	0,	0,	0,	0,	0,	0,	0,	0,	15),
(149,	'zdatnosti',	2,	0,	0,	0,	0,	2,	0,	0,	0,	0,	2,	0,	0,	0,	0,	0,	0,	0,	0,	0,	0,	0,	10),
(150,	'sebedůvěry',	2,	0,	0,	2,	0,	0,	0,	0,	0,	13,	0,	0,	0,	0,	0,	0,	0,	0,	0,	0,	0,	0,	17),
(151,	'míru',	2,	0,	0,	0,	0,	0,	0,	0,	0,	0,	0,	0,	10,	0,	0,	0,	0,	0,	0,	0,	0,	0,	20),
(152,	'iluze',	2,	0,	0,	0,	0,	4,	0,	4,	0,	0,	2,	0,	0,	0,	0,	0,	0,	0,	0,	0,	0,	100,	20),
(153,	'Mimasovo',	1,	0,	0,	1,	0,	1,	0,	1,	0,	0,	0,	7,	-7,	8,	0,	0,	0,	0,	0,	0,	0,	0,	19),
(154,	'jistoty',	2,	0,	100,	0,	0,	0,	0,	0,	0,	0,	0,	0,	0,	0,	0,	0,	0,	0,	0,	0,	0,	50,	21),
(155,	'Luciovo',	1,	5,	550,	0,	0,	0,	12,	15,	0,	0,	0,	0,	0,	0,	0,	25,	55,	15,	35,	0,	0,	0,	84),
(156,	'Gaiovo',	1,	17,	0,	5,	5,	5,	0,	0,	0,	0,	0,	0,	0,	0,	0,	25,	0,	0,	0,	0,	0,	0,	90),
(157,	'Redosovo',	1,	0,	100,	0,	4,	4,	0,	0,	0,	0,	0,	0,	0,	0,	0,	0,	0,	0,	0,	0,	0,	200,	27),
(158,	'sňatku',	2,	0,	0,	3,	0,	0,	0,	0,	0,	0,	0,	0,	0,	0,	0,	0,	0,	0,	0,	0,	0,	73,	26),
(159,	'odplaty',	2,	6,	0,	10,	5,	0,	0,	0,	0,	0,	0,	0,	0,	0,	0,	0,	0,	0,	0,	0,	0,	0,	40),
(160,	'amazonek',	2,	0,	0,	2,	0,	0,	0,	0,	0,	26,	0,	0,	0,	16,	0,	0,	0,	0,	0,	0,	0,	0,	28),
(161,	'neznalosti',	2,	0,	125,	0,	0,	0,	0,	0,	0,	0,	0,	0,	0,	0,	0,	0,	0,	8,	0,	0,	0,	0,	25),
(162,	'rezivění',	2,	0,	0,	3,	0,	0,	-3,	0,	0,	0,	0,	22,	0,	0,	0,	0,	0,	0,	0,	0,	0,	0,	25),
(163,	'mystiky',	2,	1,	0,	4,	0,	0,	0,	0,	0,	0,	0,	0,	0,	0,	0,	0,	0,	0,	0,	0,	0,	0,	22),
(164,	'spravedlnosti',	2,	0,	0,	0,	0,	0,	5,	0,	0,	0,	0,	0,	0,	15,	0,	0,	0,	0,	0,	0,	0,	0,	17),
(165,	'Kedyssiovo',	1,	0,	0,	8,	0,	0,	0,	0,	0,	14,	0,	0,	0,	0,	0,	0,	0,	0,	0,	0,	0,	60,	30),
(166,	'velkoleposti',	2,	0,	40,	0,	0,	0,	0,	4,	0,	0,	0,	0,	0,	2,	0,	0,	0,	0,	0,	0,	0,	20,	20),
(167,	'rozpínavosti',	2,	0,	0,	2,	0,	3,	0,	0,	0,	25,	0,	0,	0,	0,	24,	0,	0,	0,	0,	0,	0,	0,	29),
(168,	'Marta',	2,	0,	0,	0,	0,	0,	0,	0,	0,	23,	28,	0,	0,	0,	0,	0,	0,	0,	0,	0,	0,	0,	31),
(169,	'zkázy',	2,	0,	0,	0,	0,	0,	0,	0,	0,	17,	0,	18,	0,	0,	0,	0,	0,	0,	0,	0,	0,	0,	20),
(170,	'nevyhnutelnosti',	2,	0,	93,	0,	0,	0,	0,	0,	0,	11,	0,	0,	0,	0,	0,	0,	0,	0,	0,	0,	0,	0,	15),
(171,	'vytrvalosti',	2,	0,	0,	0,	0,	0,	0,	0,	0,	0,	0,	0,	0,	0,	0,	0,	0,	0,	0,	0,	0,	83,	33),
(172,	'Umilawenovo',	1,	0,	0,	2,	2,	0,	0,	2,	0,	0,	0,	0,	0,	0,	0,	0,	0,	0,	0,	0,	0,	0,	27),
(173,	'bezúčelnosti',	2,	0,	0,	0,	0,	0,	0,	0,	0,	20,	0,	0,	0,	0,	0,	0,	0,	0,	0,	0,	0,	86,	28),
(174,	'víry',	2,	0,	100,	0,	0,	0,	0,	0,	0,	0,	0,	0,	0,	20,	0,	0,	0,	0,	0,	0,	0,	100,	18),
(175,	'Bilgovo',	1,	0,	240,	0,	6,	2,	2,	0,	0,	0,	0,	0,	0,	0,	0,	0,	0,	0,	0,	0,	0,	90,	28),
(176,	'rozdělení',	2,	0,	0,	0,	0,	2,	0,	0,	-2,	19,	0,	0,	0,	0,	0,	0,	0,	0,	0,	0,	0,	0,	22),
(177,	'Mermerovo',	1,	0,	0,	1,	1,	0,	0,	1,	-1,	11,	7,	0,	0,	0,	0,	3,	0,	0,	0,	0,	0,	0,	23),
(178,	'spěchu',	2,	0,	0,	0,	0,	0,	0,	0,	0,	0,	2,	10,	0,	0,	0,	0,	0,	0,	0,	0,	0,	0,	19),
(179,	'mužnosti',	2,	0,	0,	0,	3,	0,	-3,	2,	0,	15,	0,	0,	0,	0,	0,	0,	0,	0,	0,	0,	0,	0,	21),
(180,	'Dexterovo',	1,	5,	0,	20,	20,	20,	20,	20,	20,	0,	0,	0,	0,	0,	0,	0,	0,	0,	0,	0,	0,	200,	86),
(181,	'rozmaru',	2,	0,	0,	0,	0,	0,	0,	0,	0,	8,	0,	0,	0,	10,	0,	0,	0,	0,	0,	0,	0,	0,	14),
(182,	'prudkosti',	2,	0,	0,	0,	0,	0,	0,	0,	0,	10,	0,	0,	0,	0,	0,	0,	0,	0,	0,	0,	0,	0,	15),
(183,	'procházky',	2,	0,	130,	0,	0,	0,	0,	0,	0,	18,	0,	0,	0,	0,	0,	0,	0,	0,	0,	0,	0,	0,	22),
(184,	'násilí',	2,	0,	40,	5,	0,	0,	0,	0,	0,	2,	0,	0,	0,	0,	0,	0,	0,	0,	0,	0,	0,	0,	20),
(185,	'Démonobijcovo',	1,	0,	0,	0,	0,	0,	16,	0,	0,	15,	0,	0,	0,	0,	0,	0,	0,	0,	0,	0,	0,	0,	35),
(186,	'Měsíční',	1,	0,	220,	0,	4,	4,	0,	0,	0,	0,	0,	0,	0,	0,	0,	0,	0,	0,	0,	0,	0,	60,	30),
(187,	'křesťanství',	2,	0,	0,	0,	0,	0,	0,	0,	0,	0,	0,	0,	0,	0,	16,	0,	0,	0,	0,	40,	11,	0,	28),
(188,	'zloby',	2,	4,	0,	0,	0,	0,	0,	0,	0,	0,	0,	0,	0,	0,	0,	0,	0,	0,	0,	0,	0,	0,	33),
(189,	'masa',	2,	0,	0,	2,	0,	0,	-2,	0,	0,	0,	0,	0,	0,	12,	0,	5,	0,	0,	0,	0,	0,	0,	18),
(190,	'Sfingino',	1,	0,	0,	3,	2,	0,	0,	2,	0,	0,	26,	0,	0,	24,	0,	0,	0,	0,	0,	0,	0,	0,	58),
(191,	'Xenphlamovo',	1,	0,	151,	0,	0,	0,	0,	2,	0,	0,	0,	0,	0,	0,	0,	0,	0,	0,	0,	0,	0,	0,	64),
(192,	'ohně',	2,	3,	0,	0,	9,	9,	0,	12,	0,	0,	0,	0,	0,	0,	0,	18,	0,	0,	0,	0,	0,	0,	41),
(193,	'Sextovo',	1,	15,	300,	0,	0,	0,	15,	8,	0,	0,	0,	0,	0,	0,	0,	0,	35,	10,	0,	0,	0,	0,	89),
(194,	'Sentarionovo',	1,	0,	208,	0,	0,	0,	0,	0,	0,	0,	0,	0,	0,	0,	0,	0,	12,	13,	52,	0,	0,	117,	79),
(195,	'Opiehnzovo',	1,	5,	700,	0,	0,	0,	0,	0,	0,	35,	-10,	-10,	25,	0,	0,	0,	0,	0,	0,	0,	0,	800,	74),
(196,	'dominance',	2,	4,	0,	15,	0,	0,	0,	10,	0,	0,	0,	0,	0,	0,	0,	10,	20,	0,	15,	0,	0,	250,	42),
(197,	'skvělé finesy',	2,	0,	0,	0,	0,	0,	0,	0,	0,	0,	0,	0,	0,	0,	0,	0,	13,	14,	38,	0,	0,	0,	37),
(198,	'šílenství',	2,	0,	0,	0,	0,	8,	0,	0,	17,	0,	0,	0,	0,	0,	0,	0,	0,	0,	0,	85,	18,	0,	41),
(199,	'znalostí',	2,	0,	0,	0,	0,	0,	0,	0,	0,	0,	0,	0,	0,	0,	18,	0,	0,	0,	0,	52,	0,	0,	29),
(200,	'soustředění',	2,	0,	0,	0,	0,	0,	-4,	0,	0,	0,	0,	0,	0,	0,	19,	0,	0,	0,	0,	52,	0,	0,	27),
(201,	'momentů',	2,	0,	115,	0,	0,	0,	0,	0,	0,	0,	0,	0,	0,	0,	0,	0,	0,	0,	0,	0,	0,	0,	20),
(202,	'rozmetávání',	2,	0,	0,	0,	0,	4,	0,	0,	0,	0,	0,	0,	0,	18,	0,	0,	0,	0,	0,	0,	0,	0,	28),
(203,	'Skiterovo',	1,	0,	0,	1,	1,	0,	0,	1,	-1,	0,	0,	11,	0,	0,	0,	5,	0,	0,	0,	0,	0,	0,	34),
(204,	'koroze',	2,	0,	125,	0,	0,	0,	0,	0,	0,	0,	0,	0,	0,	0,	0,	0,	0,	0,	0,	0,	0,	0,	24),
(205,	'Vuthielovo',	1,	2,	0,	0,	0,	0,	0,	3,	0,	0,	0,	0,	0,	0,	0,	0,	0,	0,	0,	0,	0,	30,	23),
(206,	'Cisienovo',	1,	0,	300,	0,	8,	8,	8,	0,	0,	0,	0,	0,	0,	0,	0,	0,	0,	0,	0,	0,	0,	0,	31),
(207,	'zdraví',	2,	0,	10,	0,	0,	0,	0,	0,	0,	0,	0,	0,	2,	0,	0,	0,	0,	0,	0,	0,	0,	30,	20),
(208,	'výdělků',	2,	0,	0,	3,	0,	0,	0,	2,	0,	0,	0,	0,	0,	19,	-21,	0,	0,	0,	0,	0,	0,	0,	23),
(209,	'Grankovo',	1,	0,	100,	0,	0,	0,	0,	0,	0,	0,	0,	0,	0,	2,	0,	0,	0,	0,	0,	0,	0,	100,	28),
(210,	'nemrtvých',	2,	0,	0,	0,	0,	0,	0,	0,	0,	0,	2,	2,	0,	-2,	0,	0,	0,	0,	0,	0,	0,	0,	25),
(211,	'Gidrasovo',	1,	0,	0,	2,	3,	0,	0,	2,	0,	0,	21,	0,	0,	20,	-21,	9,	0,	0,	0,	0,	0,	0,	49),
(212,	'posmrtné ztuhlosti',	2,	0,	0,	0,	0,	0,	0,	0,	3,	0,	0,	0,	0,	0,	19,	0,	0,	0,	0,	13,	0,	0,	31),
(213,	'tlaku',	2,	0,	0,	0,	0,	4,	0,	0,	0,	0,	0,	0,	0,	20,	0,	0,	0,	0,	0,	0,	0,	0,	35),
(214,	'Orleldovo',	1,	3,	0,	0,	0,	0,	0,	0,	0,	0,	0,	0,	0,	0,	0,	0,	0,	0,	0,	0,	0,	0,	35),
(215,	'pokrytectví',	2,	-4,	0,	0,	0,	0,	0,	0,	3,	0,	0,	0,	0,	0,	0,	0,	0,	0,	0,	68,	0,	0,	32),
(216,	'haleluja',	2,	0,	0,	0,	0,	0,	0,	0,	0,	0,	0,	0,	0,	0,	30,	0,	0,	0,	0,	48,	12,	0,	33),
(217,	'Asaysethovo',	1,	3,	0,	0,	0,	0,	0,	0,	0,	0,	6,	12,	0,	6,	0,	0,	0,	0,	0,	0,	0,	140,	32),
(218,	'Gonakovo',	1,	6,	160,	2,	0,	0,	0,	0,	0,	0,	0,	0,	6,	0,	0,	0,	0,	0,	0,	0,	0,	0,	31),
(219,	'ohleduplnosti',	2,	0,	0,	0,	0,	0,	0,	0,	3,	0,	0,	0,	0,	0,	21,	0,	0,	0,	0,	80,	0,	0,	35),
(220,	'důvtipu',	2,	0,	0,	0,	0,	0,	0,	0,	5,	0,	0,	0,	0,	0,	32,	0,	0,	0,	0,	76,	0,	0,	39),
(221,	'Ronaldovo',	1,	0,	0,	2,	0,	0,	0,	0,	0,	0,	0,	-16,	0,	0,	0,	0,	9,	7,	30,	0,	0,	49,	44),
(222,	'blokování',	2,	0,	0,	4,	0,	0,	0,	0,	0,	0,	0,	0,	0,	0,	0,	0,	17,	0,	44,	0,	0,	80,	39),
(223,	'volání',	2,	0,	0,	3,	0,	0,	0,	0,	0,	0,	0,	0,	0,	0,	-26,	0,	0,	0,	0,	0,	0,	0,	31),
(224,	'eliminace',	2,	0,	0,	0,	0,	0,	0,	4,	0,	24,	28,	0,	0,	0,	0,	10,	0,	0,	0,	0,	0,	0,	33),
(225,	'pošetilosti',	2,	0,	0,	0,	0,	0,	0,	0,	3,	0,	0,	0,	0,	0,	31,	0,	0,	0,	0,	0,	14,	0,	36),
(226,	'Berryho',	1,	0,	200,	0,	0,	14,	0,	0,	0,	0,	0,	0,	0,	0,	0,	0,	0,	0,	0,	0,	0,	375,	31),
(227,	'nemoci',	2,	0,	203,	3,	0,	0,	0,	0,	0,	0,	0,	0,	0,	0,	0,	0,	0,	0,	0,	0,	0,	0,	36),
(228,	'pravdy',	2,	0,	0,	0,	0,	8,	0,	0,	23,	0,	0,	0,	0,	0,	0,	0,	0,	0,	0,	90,	15,	0,	48),
(229,	'Phalangenovo',	1,	0,	108,	0,	0,	0,	0,	0,	0,	0,	0,	0,	0,	0,	0,	0,	0,	0,	0,	0,	0,	0,	41),
(230,	'Constantiovo',	1,	12,	400,	15,	20,	20,	15,	20,	15,	0,	0,	0,	0,	0,	0,	0,	0,	0,	0,	0,	0,	0,	97),
(231,	'síly vůle',	2,	0,	57,	0,	0,	0,	0,	0,	0,	0,	0,	0,	0,	0,	0,	0,	4,	0,	8,	0,	0,	0,	12),
(232,	'Cheggovsovo',	1,	0,	0,	0,	3,	0,	-9,	4,	0,	21,	24,	0,	-19,	0,	0,	11,	0,	0,	0,	0,	0,	0,	79),
(233,	'Vergiliovo',	1,	0,	0,	0,	0,	0,	0,	0,	-30,	0,	0,	0,	0,	0,	0,	0,	0,	0,	0,	155,	35,	0,	95),
(235,	'Valeriovo',	1,	19,	0,	0,	25,	25,	0,	0,	0,	0,	0,	0,	0,	0,	0,	0,	0,	0,	0,	0,	0,	0,	100),
(236,	'smrti',	2,	0,	0,	4,	0,	0,	0,	5,	0,	0,	0,	0,	0,	28,	-34,	16,	0,	0,	0,	0,	0,	0,	36),
(237,	'lásky',	2,	0,	0,	0,	0,	0,	0,	0,	20,	0,	0,	0,	0,	0,	0,	0,	0,	0,	0,	100,	25,	0,	50),
(238,	'otevřených ran',	2,	0,	0,	3,	0,	4,	0,	0,	-3,	0,	0,	30,	0,	0,	0,	0,	0,	0,	0,	0,	0,	0,	37),
(239,	'svobody',	2,	0,	0,	5,	0,	3,	0,	0,	0,	0,	0,	0,	0,	28,	0,	0,	0,	0,	0,	0,	0,	0,	38),
(240,	'Antoniovo',	1,	16,	0,	0,	25,	35,	0,	25,	0,	0,	0,	0,	0,	0,	0,	25,	0,	0,	0,	0,	0,	0,	92),
(241,	'pekla',	2,	5,	200,	0,	0,	0,	0,	0,	0,	2,	0,	0,	15,	0,	0,	0,	0,	0,	0,	0,	0,	0,	40),
(242,	'země',	2,	5,	300,	15,	0,	0,	8,	0,	0,	0,	0,	0,	0,	0,	0,	0,	30,	0,	50,	0,	0,	0,	48),
(243,	'Trafanovo',	1,	9,	-200,	0,	0,	0,	0,	0,	0,	13,	0,	25,	0,	0,	0,	0,	0,	0,	0,	0,	0,	500,	60),
(244,	'Ciallanovo',	1,	4,	0,	4,	0,	0,	0,	0,	0,	24,	0,	0,	0,	0,	0,	0,	0,	0,	0,	0,	0,	75,	31),
(245,	'Mandalovo',	1,	0,	0,	0,	0,	8,	0,	0,	35,	0,	0,	0,	0,	0,	0,	0,	0,	0,	0,	110,	25,	0,	90),
(246,	'Lepidovo',	1,	12,	300,	30,	0,	0,	30,	30,	0,	0,	0,	0,	0,	0,	0,	0,	30,	0,	0,	0,	0,	0,	94),
(247,	'Tellovo',	1,	12,	0,	0,	0,	0,	0,	30,	0,	0,	0,	0,	0,	0,	0,	20,	20,	20,	0,	0,	0,	0,	93),
(248,	'Tantovo',	1,	10,	250,	10,	0,	0,	0,	0,	0,	0,	0,	0,	0,	0,	0,	0,	20,	18,	75,	0,	0,	0,	81),
(249,	'Lurtscharovo',	1,	0,	0,	0,	0,	0,	-2,	2,	0,	0,	14,	0,	0,	11,	0,	5,	0,	0,	0,	0,	0,	0,	31),
(250,	'Spuriovo',	1,	0,	0,	0,	0,	0,	0,	0,	27,	0,	0,	0,	0,	0,	0,	0,	0,	0,	0,	130,	0,	0,	92),
(251,	'Mateovo',	1,	16,	0,	35,	0,	0,	-10,	0,	0,	0,	0,	0,	0,	0,	0,	0,	0,	0,	0,	0,	0,	0,	85),
(252,	'kritického zásahu',	2,	0,	0,	4,	0,	0,	0,	5,	0,	0,	0,	0,	0,	28,	-27,	14,	0,	0,	0,	0,	0,	0,	39),
(253,	'Marcellovo',	1,	18,	0,	20,	0,	0,	20,	0,	0,	0,	0,	0,	0,	0,	0,	10,	0,	0,	0,	0,	0,	0,	95),
(254,	'Belisariovo',	1,	15,	600,	0,	0,	0,	30,	0,	0,	0,	0,	0,	0,	0,	0,	-35,	0,	15,	0,	0,	0,	600,	96),
(255,	'posvěcení',	2,	-1,	0,	0,	0,	0,	0,	0,	1,	0,	0,	0,	0,	0,	0,	0,	0,	0,	0,	28,	5,	0,	17),
(256,	'vyznání',	2,	0,	0,	0,	0,	0,	0,	0,	3,	0,	0,	0,	0,	0,	23,	0,	0,	0,	0,	0,	12,	0,	30),
(257,	'posvátnosti',	2,	0,	0,	0,	0,	0,	0,	0,	0,	0,	0,	0,	0,	0,	11,	0,	0,	0,	0,	0,	4,	0,	13),
(258,	'Kerrannasovo',	1,	0,	0,	0,	0,	0,	0,	0,	0,	22,	22,	22,	0,	0,	0,	0,	0,	0,	0,	0,	0,	0,	33),
(259,	'bystrosti',	2,	0,	0,	0,	0,	0,	0,	0,	0,	0,	0,	0,	0,	0,	12,	0,	0,	0,	0,	36,	0,	0,	20),
(260,	'klidu',	2,	2,	200,	0,	20,	20,	0,	0,	0,	0,	0,	0,	0,	0,	0,	0,	0,	0,	0,	0,	0,	0,	43),
(261,	'Chabdynovo',	1,	3,	0,	0,	0,	0,	0,	0,	0,	16,	0,	0,	0,	-2,	0,	0,	0,	0,	0,	0,	0,	0,	34),
(262,	'regenerace',	2,	0,	0,	-4,	0,	0,	0,	0,	3,	0,	0,	0,	0,	0,	0,	0,	0,	0,	0,	56,	9,	0,	34),
(263,	'štědrosti',	2,	0,	0,	5,	0,	0,	0,	0,	0,	0,	0,	0,	5,	5,	0,	0,	0,	0,	0,	0,	0,	0,	16),
(264,	'beznaděje',	2,	0,	0,	0,	0,	0,	4,	2,	0,	0,	0,	0,	0,	0,	0,	0,	0,	0,	0,	0,	0,	0,	17),
(266,	'agresivity',	2,	0,	0,	3,	3,	0,	0,	0,	0,	0,	29,	0,	0,	0,	-29,	12,	0,	0,	0,	0,	0,	0,	34),
(267,	'síly',	2,	0,	0,	25,	0,	0,	0,	0,	0,	0,	0,	0,	0,	0,	0,	20,	0,	0,	0,	0,	0,	300,	46),
(268,	'draka',	2,	7,	0,	0,	15,	15,	0,	5,	0,	0,	0,	0,	0,	0,	0,	0,	0,	0,	0,	0,	0,	0,	50),
(269,	'Evotavovo',	1,	0,	400,	0,	0,	0,	0,	0,	0,	0,	-12,	-12,	15,	0,	0,	0,	0,	0,	0,	0,	0,	350,	50),
(272,	'Titaniovo',	1,	18,	0,	0,	25,	0,	-25,	30,	0,	0,	0,	0,	0,	0,	0,	20,	-30,	0,	0,	0,	0,	0,	99),
(284,	'nepříčetnosti',	2,	0,	0,	0,	2,	3,	0,	0,	0,	0,	0,	0,	0,	0,	0,	0,	0,	0,	0,	0,	0,	2,	15),
(285,	'Anchoronovo',	1,	0,	0,	0,	0,	0,	0,	0,	4,	0,	0,	-35,	0,	-25,	0,	0,	0,	0,	0,	76,	0,	0,	81),
(286,	'Pontiovo',	1,	14,	500,	10,	0,	20,	0,	15,	0,	0,	0,	0,	0,	0,	0,	-25,	15,	0,	0,	0,	0,	0,	100),
(288,	'Shivovo',	1,	0,	0,	0,	0,	0,	0,	-3,	0,	0,	0,	0,	0,	-24,	0,	0,	0,	0,	0,	72,	0,	0,	77),
(293,	'mandalovo ',	2,	0,	0,	0,	0,	0,	0,	0,	0,	0,	0,	0,	0,	0,	0,	0,	0,	0,	0,	0,	0,	0,	80),
(294,	'Jennifeřino',	1,	0,	0,	3,	0,	0,	0,	0,	-4,	0,	0,	0,	0,	0,	0,	0,	0,	0,	0,	0,	0,	94,	73),
(295,	'Maniovo',	1,	0,	0,	0,	0,	0,	0,	25,	25,	0,	0,	0,	0,	0,	0,	25,	0,	0,	0,	0,	0,	0,	92),
(296,	'Titovo',	1,	0,	500,	0,	0,	0,	35,	35,	0,	0,	0,	0,	0,	0,	0,	30,	0,	0,	60,	0,	0,	0,	89),
(297,	'Serviovo',	1,	8,	0,	12,	25,	25,	0,	0,	12,	0,	0,	0,	0,	0,	0,	0,	0,	0,	0,	0,	0,	0,	87),
(298,	'Dairovo',	1,	0,	650,	10,	0,	0,	30,	0,	0,	0,	0,	0,	0,	0,	0,	0,	25,	0,	0,	0,	0,	0,	88),
(299,	'Appiovo',	1,	4,	350,	0,	30,	25,	0,	5,	0,	0,	0,	0,	0,	0,	0,	0,	0,	0,	0,	0,	0,	0,	83),
(300,	'naděje',	2,	6,	0,	0,	0,	0,	0,	13,	13,	0,	0,	0,	0,	0,	0,	0,	0,	0,	0,	0,	0,	0,	44),
(301,	'Silvanovo',	1,	0,	0,	0,	0,	0,	0,	0,	45,	0,	0,	0,	0,	0,	0,	0,	0,	0,	0,	120,	0,	0,	92),
(302,	'soupeření',	2,	0,	200,	0,	0,	0,	5,	15,	0,	0,	0,	0,	0,	0,	0,	0,	0,	0,	0,	0,	0,	0,	53),
(303,	'prokletí',	2,	0,	250,	5,	0,	25,	0,	15,	10,	0,	0,	0,	0,	0,	0,	0,	0,	0,	0,	0,	0,	0,	50),
(304,	'Aureliovo',	1,	0,	0,	0,	0,	15,	0,	0,	0,	0,	0,	0,	0,	0,	0,	0,	0,	0,	0,	145,	15,	0,	101),
(305,	'Ashitillovo',	1,	6,	0,	10,	0,	0,	0,	0,	0,	0,	25,	-15,	12,	0,	0,	0,	0,	0,	0,	0,	0,	400,	43),
(306,	'Chuckovo',	1,	0,	194,	0,	0,	0,	0,	0,	0,	0,	0,	0,	0,	-22,	0,	0,	0,	0,	0,	0,	0,	0,	75),
(307,	'Zimbriovo',	1,	0,	0,	0,	0,	0,	0,	5,	0,	0,	27,	0,	0,	28,	0,	16,	0,	0,	0,	0,	0,	0,	78),
(308,	'Umbrovo',	1,	0,	199,	0,	0,	0,	0,	0,	0,	0,	0,	0,	0,	0,	0,	0,	0,	0,	0,	0,	0,	0,	68),
(309,	'Drtící',	1,	6,	0,	6,	0,	0,	0,	0,	0,	13,	0,	0,	0,	0,	0,	0,	0,	0,	0,	0,	0,	0,	32);

DROP TABLE IF EXISTS `user`;
CREATE TABLE `user` (
  `id` int(11) NOT NULL AUTO_INCREMENT,
  `name` varchar(15) NOT NULL,
  `password` char(128) NOT NULL,
  `email` varchar(30) DEFAULT NULL,
  `role` varchar(10) NOT NULL DEFAULT '1' COMMENT '1 = user, 2 = admin',
  `gladiatus_id` mediumint(9) DEFAULT '0',
  `hidden` tinyint(4) NOT NULL DEFAULT '0',
  `salt` varchar(10) NOT NULL,
  `description_id` int(11) DEFAULT NULL,
  PRIMARY KEY (`id`),
  UNIQUE KEY `name` (`name`),
  KEY `description_id` (`description_id`),
  CONSTRAINT `user_ibfk_2` FOREIGN KEY (`description_id`) REFERENCES `user_description` (`id`) ON UPDATE CASCADE
) ENGINE=InnoDB DEFAULT CHARSET=utf8;

INSERT INTO `user` (`id`, `name`, `password`, `email`, `role`, `gladiatus_id`, `hidden`, `salt`, `description_id`) VALUES
(10,	'root',	'374cef64649c052483a3dc8d654fa012e623115abaf60edc5683e599add7fbe957e8ec26faa728c49fb11713ad21e68a5e2137e59369e1515976cdd115a4feb6',	NULL,	'admin',	0,	1,	'abcdef1234',	1),
(19,	'Magnus',	'99645542bc17a7f915e4da3807550b41a95f9893f738f614645f256a2714e49b5def2caacaee975d104d072ffeea5ae04b7292c50cba28810d5a8e48bbe14453',	'konema12it@sps-prosek.cz',	'admin',	NULL,	0,	'3lotx879qu',	9),
(20,	'test',	'bb8b3c0e552dd9a04b61a79a91823ea6828fe7d1558c5890924c3a0b9cce6073e7a5ad15c2e6678dbee421be6c33f4b6337874140e75bdc4047977c7c17d59d9',	NULL,	'user',	NULL,	0,	'jcsph7ssv5',	10),
(21,	'StinovaElvira',	'559daf634d660db51f20f4ee014148ae612dcdafd2bb16a60ee8bf204a3986921adbb514c9e8e91b51e1cfdfd9caece7043bd3fb84837d2e68a1703ce477c468',	NULL,	'user',	NULL,	0,	'3631hvsyuh',	11),
(22,	'Tims',	'3e548081ed65a43a6569984bee5300593393b7ff6181f8bd12ca1d3b65eee176f5440a84fae8720cbe28d16f3187e896bd748c898040098d54da5fd292bdd149',	NULL,	'user',	NULL,	0,	'syde0sddog',	12),
(23,	'Eroln',	'fa75ce9d6a6912755da14d53c8e795f5e6f33b053bb07d332f2b51e3b1d689fc464e379384b2f0b78441bdb60e0c01c31af17183ccffbbf676c07f59d1025a0e',	NULL,	'user',	NULL,	0,	'a5qhvovbcl',	13),
(25,	'[xXx]_One',	'42f723c4ddfa412e2ffa2cc0ce15b316899b07ab2bc4a209fab8adaa24533395b4468abb35149888889df6df648e0eec17007d63f17e91746c53edae1416862d',	NULL,	'user',	NULL,	0,	'hpvpq8ne9h',	15),
(26,	'LuciusScupulus',	'a1b32d4838342782758eb51c0005aa6c2cbcce8decdfef1555335be0aa844d446f6a5599eb5952c6e6e6ab73aa034e109286c9b47f037b2b0455d0b341e63a18',	NULL,	'user',	NULL,	0,	'kn4gnhtphu',	16);

DELIMITER ;;

CREATE TRIGGER `user_ai` AFTER INSERT ON `user` FOR EACH ROW
BEGIN

	 -- save saved gold for all building plans
	 INSERT INTO `building_plan_saved_gold` (`user_id`, `plan_id`) SELECT NEW.id, `id` FROM `building_plan`;

	 -- settings
	 INSERT INTO `user_settings` (`user_id`, `key`, `value`) VALUES
		(NEW.id, 'sendEmailAfterBuildingPlanCreated', 0);
END;;

DELIMITER ;

DROP TABLE IF EXISTS `user_description`;
CREATE TABLE `user_description` (
  `id` int(11) NOT NULL AUTO_INCREMENT,
  `content` text,
  PRIMARY KEY (`id`)
) ENGINE=InnoDB DEFAULT CHARSET=utf8;

INSERT INTO `user_description` (`id`, `content`) VALUES
(1,	'něco super dlouhého, aby to bylo krásně vidět.\r\nTaky sem přidám nějaký ten řádek,\r\naby bylo vidět,\r\nco přesně se udělá, když to bude takto roztáhnuté, taky to musim trochu natáhnout tady v tom textu'),
(9,	'něco super dlouhého, aby to bylo krásně vidět.\r\nTaky sem přidám nějaký ten řádek,\r\naby bylo vidět,\r\nco přesně se udělá, když to bude takto roztáhnuté, taky to musim trochu natáhnout tady v tom textu'),
(10,	'něco super dlouhého, aby to bylo krásně vidět.\r\nTaky sem přidám nějaký ten řádek,\r\naby bylo vidět,\r\nco přesně se udělá, když to bude takto roztáhnuté, taky to musim trochu natáhnout tady v tom textu'),
(11,	'něco super dlouhého, aby to bylo krásně vidět.\r\nTaky sem přidám nějaký ten řádek,\r\naby bylo vidět,\r\nco přesně se udělá, když to bude takto roztáhnuté, taky to musim trochu natáhnout tady v tom textu'),
(12,	'něco super dlouhého, aby to bylo krásně vidět.\r\nTaky sem přidám nějaký ten řádek,\r\naby bylo vidět,\r\nco přesně se udělá, když to bude takto roztáhnuté, taky to musim trochu natáhnout tady v tom textu'),
(13,	'něco super dlouhého, aby to bylo krásně vidět.\r\nTaky sem přidám nějaký ten řádek,\r\naby bylo vidět,\r\nco přesně se udělá, když to bude takto roztáhnuté, taky to musim trochu natáhnout tady v tom textu'),
(15,	'něco super dlouhého, aby to bylo krásně vidět.\r\nTaky sem přidám nějaký ten řádek,\r\naby bylo vidět,\r\nco přesně se udělá, když to bude takto roztáhnuté, taky to musim trochu natáhnout tady v tom textu'),
(16,	'něco super dlouhého, aby to bylo krásně vidět.\r\nTaky sem přidám nějaký ten řádek,\r\naby bylo vidět,\r\nco přesně se udělá, když to bude takto roztáhnuté, taky to musim trochu natáhnout tady v tom textu');

DROP TABLE IF EXISTS `user_login`;
CREATE TABLE `user_login` (
  `id` int(11) NOT NULL AUTO_INCREMENT,
  `user_id` int(11) NOT NULL,
  `ip` varchar(50) NOT NULL,
  `date` datetime NOT NULL,
  PRIMARY KEY (`id`),
  KEY `user_id` (`user_id`),
  CONSTRAINT `user_login_ibfk_1` FOREIGN KEY (`user_id`) REFERENCES `user` (`id`) ON DELETE CASCADE
) ENGINE=InnoDB DEFAULT CHARSET=utf8;

INSERT INTO `user_login` (`id`, `user_id`, `ip`, `date`) VALUES
(1,	10,	'::1',	'2015-09-23 22:37:07'),
(2,	19,	'::1',	'2015-09-23 22:54:12'),
(3,	19,	'::1',	'2015-09-23 22:55:45'),
(4,	10,	'::1',	'2015-09-24 16:53:17'),
(5,	19,	'::1',	'2015-09-24 17:27:18'),
(6,	10,	'::1',	'2015-09-24 17:27:52'),
(7,	19,	'::1',	'2015-09-24 17:30:17'),
(8,	10,	'::1',	'2015-09-24 17:30:27'),
(9,	19,	'::1',	'2015-09-24 20:35:59'),
(10,	20,	'::1',	'2015-09-25 20:27:39'),
(11,	19,	'::1',	'2015-09-25 20:35:22'),
(12,	19,	'::1',	'2015-09-26 14:02:15'),
(13,	19,	'::1',	'2015-09-26 20:57:14'),
(14,	23,	'::1',	'2015-09-26 21:23:21'),
(15,	19,	'::1',	'2015-09-26 21:25:32');

DROP TABLE IF EXISTS `user_settings`;
CREATE TABLE `user_settings` (
  `id` int(11) NOT NULL AUTO_INCREMENT,
  `user_id` int(11) NOT NULL,
  `key` varchar(50) NOT NULL,
  `value` varchar(50) NOT NULL,
  PRIMARY KEY (`id`),
  UNIQUE KEY `user_id_key` (`user_id`,`key`),
  KEY `user_id` (`user_id`),
  CONSTRAINT `user_settings_ibfk_1` FOREIGN KEY (`user_id`) REFERENCES `user` (`id`)
) ENGINE=InnoDB DEFAULT CHARSET=utf8;

INSERT INTO `user_settings` (`id`, `user_id`, `key`, `value`) VALUES
(3,	10,	'sendEmailAfterBuildingPlanCreated',	'0'),
(4,	19,	'sendEmailAfterBuildingPlanCreated',	'1'),
(5,	20,	'sendEmailAfterBuildingPlanCreated',	'0'),
(6,	21,	'sendEmailAfterBuildingPlanCreated',	'0'),
(7,	22,	'sendEmailAfterBuildingPlanCreated',	'0'),
(8,	23,	'sendEmailAfterBuildingPlanCreated',	'0'),
(10,	25,	'sendEmailAfterBuildingPlanCreated',	'0'),
(11,	26,	'sendEmailAfterBuildingPlanCreated',	'0');

DROP TABLE IF EXISTS `voting_answer`;
CREATE TABLE `voting_answer` (
  `id` int(11) NOT NULL AUTO_INCREMENT,
  `theme_id` int(11) NOT NULL,
  `content` tinytext NOT NULL,
  PRIMARY KEY (`id`),
  KEY `theme_id` (`theme_id`),
  CONSTRAINT `voting_answer_ibfk_1` FOREIGN KEY (`theme_id`) REFERENCES `voting_theme` (`id`) ON DELETE CASCADE
) ENGINE=InnoDB DEFAULT CHARSET=utf8;

INSERT INTO `voting_answer` (`id`, `theme_id`, `content`) VALUES
(4,	4,	'aaa'),
(5,	4,	'bbb'),
(6,	4,	'ccc'),
(7,	5,	'bbb'),
(8,	5,	'c'),
(9,	6,	'aa'),
(10,	6,	'bbb'),
(11,	6,	'ccc'),
(12,	7,	'aaa'),
(13,	7,	'bbb'),
(14,	7,	'bbbcc');

DROP TABLE IF EXISTS `voting_comment`;
CREATE TABLE `voting_comment` (
  `id` int(11) NOT NULL AUTO_INCREMENT,
  `theme_id` int(11) NOT NULL,
  `user_id` int(11) NOT NULL,
  `content` text NOT NULL,
  `date` datetime NOT NULL,
  PRIMARY KEY (`id`),
  KEY `voting_id` (`theme_id`),
  KEY `user_id` (`user_id`),
  CONSTRAINT `voting_comment_ibfk_1` FOREIGN KEY (`theme_id`) REFERENCES `voting_theme` (`id`) ON DELETE CASCADE,
  CONSTRAINT `voting_comment_ibfk_2` FOREIGN KEY (`user_id`) REFERENCES `user` (`id`) ON DELETE CASCADE
) ENGINE=InnoDB DEFAULT CHARSET=utf8;

INSERT INTO `voting_comment` (`id`, `theme_id`, `user_id`, `content`, `date`) VALUES
(1,	4,	20,	'aaa',	'2015-09-25 20:34:17'),
(2,	4,	20,	'aaa',	'2015-09-25 20:34:37'),
(3,	4,	19,	'ok',	'2015-09-25 20:35:31');

DROP TABLE IF EXISTS `voting_theme`;
CREATE TABLE `voting_theme` (
  `id` int(11) NOT NULL AUTO_INCREMENT,
  `user_id` int(11) DEFAULT NULL,
  `title` varchar(20) NOT NULL,
  `content` text NOT NULL,
  `date_created` datetime NOT NULL,
  `date_end` datetime DEFAULT NULL COMMENT 'NULL = no deadline',
  PRIMARY KEY (`id`),
  KEY `user_id` (`user_id`),
  CONSTRAINT `voting_theme_ibfk_1` FOREIGN KEY (`user_id`) REFERENCES `user` (`id`) ON DELETE SET NULL
) ENGINE=InnoDB DEFAULT CHARSET=utf8;

INSERT INTO `voting_theme` (`id`, `user_id`, `title`, `content`, `date_created`, `date_end`) VALUES
(4,	19,	'test',	'aaaaa',	'2015-09-25 20:11:16',	'2015-11-20 00:00:00'),
(5,	19,	'aaaa',	'aa',	'2015-09-25 21:15:53',	'2015-11-22 00:00:00'),
(6,	19,	'bbbb',	'aaa',	'2015-09-26 13:14:55',	'2016-03-21 20:00:00'),
(7,	19,	'test',	'aaa',	'2015-09-26 20:40:42',	'2016-03-04 22:01:30');

DROP TABLE IF EXISTS `voting_vote`;
CREATE TABLE `voting_vote` (
  `id` int(11) NOT NULL AUTO_INCREMENT,
  `answer_id` int(11) NOT NULL,
  `user_id` int(11) NOT NULL,
  PRIMARY KEY (`id`),
  KEY `answer_id` (`answer_id`),
  KEY `user_id` (`user_id`),
  CONSTRAINT `voting_vote_ibfk_1` FOREIGN KEY (`answer_id`) REFERENCES `voting_answer` (`id`) ON DELETE CASCADE,
  CONSTRAINT `voting_vote_ibfk_2` FOREIGN KEY (`user_id`) REFERENCES `user` (`id`) ON DELETE CASCADE
) ENGINE=InnoDB DEFAULT CHARSET=utf8;

INSERT INTO `voting_vote` (`id`, `answer_id`, `user_id`) VALUES
(1,	4,	19),
(2,	5,	20),
(3,	7,	19),
(4,	11,	19),
(5,	12,	19);

DELIMITER ;;

CREATE TRIGGER `voting_vote_bi` BEFORE INSERT ON `voting_vote` FOR EACH ROW
BEGIN

	-- SET @voted = (
	--	SELECT 1 FROM `voting_theme`
	--	WHERE `id` = (
	--		SELECT `theme_id` FROM `voting_answer`
	--		INNER JOIN `voting_vote` ON `voting_vote`.`answer_id` = `voting_answer`.`id`
	--		WHERE `voting_vote`.`user_id` = NEW.user_id AND `voting_answer`.`id` = NEW.answer_id
	--		LIMIT 1
	--	)
	-- );

	-- IF @voted = 1 THEN
	--	SIGNAL SQLSTATE '45000'
	--	SET MESSAGE_TEXT = 'Již jsi v tomto tématu hlasoval';
	-- END IF;

END;;

DELIMITER ;

-- 2015-09-26 19:35:37
